variable,value

usebib,0
useacr,0

titlepage,0
abstract,0
acknowledgements,0
listoffigures,0
listoftables,0
listofacronyms,0

tocdepth,3
abstractintoc,-1
acknowledgementsintoc,-1
usecleardouble,-1

chaptertopspace,50
chapterbottomspace,30

highestchapter,7
chapter0,Introduction
chapter1,CMS Drift Tube system
chapter2,SiPM-based scintillation detector
chapter3,lpGBT detector interface
chapter4,Unified backend electronics
chapter5,Detector synchronization
chapter6,First combined measurements
chapter7,Summary and outlook

highestappendix,0
appendix0,Additional details

